,genes,logfoldchange,pvals
0,NGRN,1.3963532447814941,0.02303054957913108
1,HIST1H2BD,1.2043344974517822,2.9410473837640706e-05
2,BAIAP2L2,1.1950808763504028,0.04982867501481265
3,PDPN,1.155875325202942,0.005805582515324845
4,RRS1,1.0775920152664185,0.0032553230700359953
5,HAS2,1.0752569437026978,0.00729153918449433
6,RP11-180O5.2,1.0436054468154907,0.013747377081916062
7,UBE2F,1.0122469663619995,1.1863779085840998e-06
8,HSPH1,0.9952245950698853,8.025439585333871e-15
9,THAP3,0.9862620830535889,0.0027856415360425248
10,DHX38,0.9579477310180664,0.03077418470863456
11,FOSL1,0.9552181363105774,1.3907717967316068e-06
12,CLPTM1L,0.9413661956787109,0.00046071878331711635
13,ATG4B,0.9392127990722656,0.03264077560984945
14,CMBL,0.9378949999809265,5.441240632564204e-07
15,WDR77,0.9339156746864319,0.0007690749755339345
16,KIF20A,0.9150997400283813,0.0021178041649997197
17,METTL2B,0.910662829875946,0.043590921560812367
18,ACLY,0.9004484415054321,0.015832678253215358
19,CYCS,0.8935753703117371,7.708365712400859e-17
20,KRT6A,0.8886126279830933,9.849716209816424e-05
21,MRPL36,0.875879168510437,3.4965812530489504e-13
22,PAK1IP1,0.8689017295837402,1.3659933550837101e-08
23,CCL26,0.8606050610542297,0.010073473434068607
24,PINX1,0.8599042296409607,0.013994223890756215
25,MPZL1,0.8542219400405884,3.26590667131741e-05
26,CDC20,0.8478733897209167,3.372864462804287e-08
27,BRD9,0.8452985882759094,3.4967115839110374e-06
28,RAE1,0.8399837017059326,0.006524811767626492
29,CCT5,0.8391885757446289,1.4256292298365714e-11
30,LCP1,0.8328946232795715,0.00390941070848515
31,POLR1C,0.8284448385238647,0.0014616857999254996
32,TOP1MT,0.8284134268760681,0.014251177830596836
33,ASB1,0.8235235810279846,0.031611804637312585
34,SLC30A9,0.8221102356910706,0.039887899051154904
35,LRIF1,0.8194668889045715,0.039956073478051364
36,FLAD1,0.8178015351295471,0.011765013269695094
37,FUBP1,0.8159188628196716,5.797806282422244e-06
38,TOR1A,0.8132094740867615,0.03623846791417549
39,CCNB1,0.8130059242248535,1.0425824237615063e-05
40,LARP1,0.8102845549583435,0.016650452528529702
41,PRRC2A,0.8091118335723877,0.01480003689589713
42,HIST1H2AC,0.8081756830215454,0.02986690072854844
43,NRG1,0.807949960231781,0.025214586088824188
44,TROAP,0.8078905344009399,1.1786306577097356e-08
45,KRT14,0.799873411655426,6.8639818261764935e-06
46,RPP25,0.7992130517959595,0.01045494161196884
47,NDUFS6,0.7982853055000305,5.036656556197912e-25
48,ALG14,0.7931022047996521,0.012675834418136717
49,RWDD4,0.792491614818573,0.00011173320759969673
50,BST2,0.7900820374488831,1.8691444407549742e-07
51,MCMBP,0.7789176106452942,0.018748318437271386
52,TARBP2,0.7781385183334351,0.04003193875598264
53,GRAMD1A,0.7736923098564148,0.038603854844481686
54,PRPF4,0.7707815170288086,0.047072964423424395
55,PPP1R14B,0.7670211791992188,2.2971762476197396e-09
56,CRLS1,0.7661432027816772,0.01875226606889898
57,UBE2S,0.7634645700454712,1.2258659644973353e-08
58,PHLDA2,0.7573186159133911,3.708878333437068e-07
59,LUC7L,0.7541549801826477,0.00041280326597594347
60,RTCA,0.7530321478843689,0.03047818448187807
61,AKAP8,0.7529065012931824,0.041072017340706875
62,NVL,0.7494825720787048,0.03744468773242102
63,KLK11,0.7450698018074036,0.006268167300881029
64,RBP1,0.7422457337379456,0.009133181476061862
65,SKIV2L2,0.741971492767334,1.4616344768650695e-06
66,SERPINB8,0.7380437850952148,0.013273930801337718
67,CASP8,0.7363941073417664,0.001788104817486193
68,YKT6,0.7352054715156555,0.0020358804422612544
69,LY6D,0.7342312932014465,5.630180636601388e-06
70,CTBP1,0.7335888743400574,0.04520268581788725
71,HSPD1,0.7323702573776245,5.623354640719027e-19
72,DNAJC7,0.7297168374061584,3.832019280035775e-06
73,FTSJ3,0.7283760905265808,0.004296010062369891
74,CCDC6,0.7280750274658203,0.006471664767325822
75,APH1A,0.7267259955406189,0.04235343124705061
76,DHX16,0.726272702217102,0.019448282485157006
77,SMNDC1,0.7240094542503357,0.0021244869388000348
78,PTTG1,0.7198968529701233,3.313953781804324e-08
79,PPP1R18,0.7173887491226196,0.01506997917376099
80,GSPT1,0.7102327346801758,5.285044439265262e-07
81,DDX21,0.7100223898887634,5.865611232909991e-12
82,MSH6,0.707933783531189,0.0027963801654860778
83,LYRM4,0.7072683572769165,8.106993915797533e-08
84,TMEM9B,0.7054633498191833,0.003753217365924346
85,SPR,0.7049084305763245,0.0006147034279708321
86,DCAF13,0.7041125893592834,0.00021849171845305025
87,LYAR,0.702441394329071,0.0006505662014868487
88,HSPE1,0.6988654136657715,2.380821296494763e-25
89,TGS1,0.6929478645324707,0.00031212744347177914
90,HSBP1L1,0.6897019743919373,0.0003879673789085968
91,NUFIP1,0.6845296025276184,0.01793525349422014
92,TFAM,0.6823909282684326,2.570771308556194e-07
93,SMAGP,0.6817123889923096,0.03328090462861172
94,SH3KBP1,0.6779360771179199,0.013660474147422016
95,CLTC,0.6733260154724121,0.0066119155327014345
96,DDX10,0.6727786064147949,0.002633766927930908
97,RABL3,0.6712073087692261,0.022943326631192803
98,MYO10,0.6708468794822693,0.006801293873064644
99,TMX2,0.6705058813095093,0.00044511608619844786
100,STK16,0.6684930920600891,0.046479747966742986
101,PSMD1,0.6684924364089966,2.7637866425094303e-06
102,G0S2,0.6675111055374146,0.004629444621751929
103,BRIX1,0.6661351323127747,7.391371646932644e-07
104,WDR43,0.6659635901451111,2.2553534310914958e-07
105,RBM22,0.6640409231185913,0.012614432650252734
106,NOP58,0.6638749837875366,2.413256367398852e-05
107,GNPDA1,0.66276615858078,0.013443863109460441
108,ZNF622,0.6615400910377502,0.0015469411077352272
109,PRSS3,0.6613802909851074,8.888465724130942e-06
110,PPIF,0.6590431928634644,9.710580682108611e-05
111,SMIM15,0.6586337685585022,0.014463499688829465
112,FTSJ2,0.6558277606964111,0.0004257707852129515
113,MYEOV,0.6556835770606995,0.010016597575982887
114,MZT1,0.6547675728797913,0.0003636089498509806
115,SNHG15,0.6507527232170105,0.008100530543750342
116,LLPH,0.6507281064987183,8.432173266324228e-06
117,STIP1,0.6506059765815735,0.0004910883068936033
118,FSCN1,0.6505425572395325,6.615491837815948e-06
119,PTGES3,0.6501398682594299,1.9344649170361136e-06
120,FYTTD1,0.6499091386795044,0.004314597242740173
121,TXNL1,0.6498227119445801,2.812617620908411e-05
122,TOMM40,0.6497500538825989,2.0559407113012133e-05
123,TMEM203,0.6496208310127258,0.014562796581561255
124,BAG3,0.6480618715286255,0.00825197478047935
125,GOT1,0.6472915410995483,0.007939585278487687
126,YY1,0.647059440612793,0.00035068453022173103
127,COTL1,0.6466953158378601,3.635184747237918e-05
128,GNL3,0.6461856961250305,0.0003945986049944706
129,HNRNPH3,0.6449283361434937,3.7186048359649015e-06
130,CCDC85B,0.6445029377937317,1.6090763626665814e-08
131,PKM,0.6442699432373047,1.7076174092155738e-06
132,CAP1,0.6430461406707764,8.490654835563423e-05
133,RPF2,0.6404724717140198,4.9630985719362665e-05
134,LGALS1,0.6397435069084167,7.09567349416053e-10
135,USP10,0.6394445896148682,0.023401474701074697
136,SAFB,0.6378573179244995,0.00931556830691193
137,ISOC2,0.6375009417533875,3.109889569501382e-07
138,RPP30,0.6371741890907288,3.5582017501806428e-06
139,TWISTNB,0.6353341937065125,0.0006822862796328293
140,RSL1D1,0.6349549293518066,2.7317829013827035e-07
141,RAC2,0.6347715854644775,0.0008387621120753282
142,CCT6A,0.6346390247344971,2.7170953329398718e-06
143,SRSF7,0.6295071244239807,4.688101847886893e-08
144,DNAJB6,0.6292684674263,0.029943841100606737
145,SMARCD1,0.6286700367927551,0.008916074649173157
146,ITGA2,0.6285263299942017,0.02263448658997589
147,CYSRT1,0.62841796875,0.03974807262983594
148,TMEM255B,0.6283009052276611,0.016836340099581733
149,PTGES2,0.6278818845748901,0.00017435405752907028
150,LAP3,0.6273746490478516,0.008711600219923796
151,PABPN1,0.6256028413772583,0.00028712554074651094
152,TPM4,0.6254579424858093,6.1384017853041056e-06
153,RRP36,0.6251953840255737,0.047072964423424395
154,AAMP,0.6240628957748413,0.0010548820914387292
155,PTRF,0.622711718082428,2.6475138645092836e-05
156,NME1,0.6218820810317993,1.1052044653555338e-10
157,ZNF326,0.6191095113754272,9.937629403224693e-05
158,RBM28,0.6159446239471436,0.0006294015739734485
159,BOD1,0.6152583956718445,0.0007386462756305419
160,ARPC5L,0.614672839641571,1.478942236854637e-06
161,HSP90AB1,0.6145921945571899,1.7691685922706265e-25
162,TMEM33,0.6144483089447021,0.020443969161505388
163,AMD1,0.6139363050460815,0.0005342565280635305
164,TRMT6,0.6125834584236145,0.006058143720442591
165,DRAP1,0.6117194890975952,1.012373446140213e-09
166,MRTO4,0.6115716695785522,0.00010086342138523859
167,UBA2,0.6109627485275269,0.021148277134850138
168,LDHA,0.6097555160522461,2.271230454295022e-08
169,EBNA1BP2,0.609649121761322,1.21919236009671e-06
170,HNRNPM,0.60775226354599,6.973140880722235e-11
171,TAF9,0.6073042750358582,2.954243437079398e-05
172,MRPL19,0.6071568131446838,0.006265930660875783
173,ANKRD39,0.6064916253089905,0.03035807272724301
174,DDX42,0.606320321559906,0.0009150376206314765
175,SPTSSA,0.6056344509124756,0.018932654190719857
176,SEPT7,0.6037929654121399,5.776898493506338e-08
177,GPX3,0.6034559011459351,4.3851063689071626e-05
178,FXR1,0.6027096509933472,5.900882249732454e-06
179,F12,0.6004075407981873,0.008030401351500235
180,SFTA1P,0.5989081859588623,0.0004976731580531887
181,LTV1,0.5984609723091125,0.020858423730696612
182,AKAP12,0.5966903567314148,1.1503222209562196e-05
183,ECHDC1,0.5955976843833923,0.027641958452598717
184,PDRG1,0.5954875946044922,0.017755688269469685
185,CSTA,0.5946816205978394,9.235657727499195e-07
186,NUDT4,0.5928313136100769,0.03955226305423463
187,CEP55,0.5919355750083923,0.00014163606482351786
188,TOP1,0.5918902158737183,3.150942905231426e-05
189,FAM208B,0.5900445580482483,0.02041843881071062
190,PLEKHF1,0.5895851850509644,0.007888104359600655
191,CSDE1,0.5884373784065247,0.0012137800160442454
192,C12orf45,0.5882734656333923,0.00022305189982137924
193,IKBIP,0.5871214270591736,0.04344424589448091
194,METTL1,0.5870614647865295,0.04525319439806058
195,NUDC,0.5859736800193787,3.1306170976353305e-07
196,CSNK2A1,0.585289716720581,0.01395763446877791
197,ZFAND2A,0.5851163864135742,0.0011254482315738266
198,MARCKSL1,0.5846226215362549,0.005285744412840849
199,MAPK1,0.5843852162361145,0.026930984908125
200,C1orf43,0.5837284326553345,0.0013510598719801215
201,XRCC4,0.5835771560668945,0.038453183699384066
202,PSMD7,0.5834494829177856,8.314792040348277e-07
203,BRI3,0.5832965970039368,0.00109477402732767
204,MRPL1,0.5828753113746643,7.536788266173819e-05
205,EFTUD2,0.5825746059417725,0.021017084590376017
206,LRRC59,0.5805777311325073,0.00013715317097887602
207,CDKN3,0.5778709650039673,5.983012620136734e-05
208,SOX15,0.5777793526649475,0.00021395308083864618
209,C1QBP,0.5763428807258606,8.376969441966535e-09
210,PRMT1,0.5761703252792358,2.5809981741154783e-07
211,GTPBP4,0.5758621096611023,5.72896779722801e-05
212,TM9SF3,0.573344349861145,0.008464346552587433
213,NOP16,0.572851836681366,0.0011551637320556943
214,CHORDC1,0.5718698501586914,2.56312170891406e-05
215,MIS12,0.5712372660636902,0.036779048308102094
216,AHSA1,0.5710603594779968,5.073588025443985e-06
217,RP11-783K16.5,0.5706409215927124,0.0007812810825378927
218,ARF3,0.5682634115219116,0.00038912316810622204
219,LSM5,0.5681400299072266,2.1639317257108395e-07
220,ICE1,0.5668201446533203,0.0027430626134984813
221,SLC35B1,0.5664927363395691,0.0005067785065489767
222,NDUFAF4,0.5651289224624634,0.006113326675957738
223,TSR1,0.5638580918312073,0.013726355928698667
224,PDAP1,0.563743531703949,2.810709787746381e-06
225,CTC-524C5.2,0.5633111000061035,0.01603976263200329
226,NUP37,0.5624068379402161,0.0011676373341915516
227,ACTN1,0.5613259077072144,0.016549338340657395
228,FRMD6,0.5609431266784668,0.017933355079851786
229,CWC25,0.5593730211257935,0.017977063174209395
230,RIOK1,0.5592103600502014,0.007654765873723553
231,AP006222.2,0.5588561296463013,0.005669258555347965
232,MTDH,0.5587587952613831,2.0704225227412744e-07
233,C12orf29,0.5575783252716064,0.035426614980658744
234,EIF3J,0.5564820170402527,1.5259021435723829e-10
235,RNASEH1,0.5559850335121155,0.005052044645185311
236,SKA2,0.5552394986152649,7.74971114316736e-05
237,VTA1,0.5551972985267639,0.027838900477318265
238,ADRM1,0.555124044418335,2.2605620405724083e-06
239,GAR1,0.555107831954956,0.010022272263036982
240,COL17A1,0.5546383261680603,0.003546206002723968
241,RPL22L1,0.5543569922447205,0.0001351229365847086
242,BCCIP,0.5541664361953735,8.983751631025844e-05
243,NCL,0.554164469242096,1.5563687863882207e-11
244,AIMP2,0.5534106492996216,6.377300804782181e-05
245,PSMD11,0.553252637386322,4.983946471204121e-05
246,PPID,0.5521625876426697,0.0019828910663762076
247,PPP1R35,0.5509400367736816,0.04187786581917454
248,PQBP1,0.5508133769035339,0.0005397276131822468
249,AKT1S1,0.5496327877044678,0.0010083110127317855
250,ILF3,0.5493313670158386,6.551537687192542e-05
251,PRNP,0.5463084578514099,0.04722116849201545
252,SRM,0.5461981892585754,0.0003766407499490588
253,COX7B2,0.5459424257278442,4.879711659584391e-05
254,RP11-295G20.2,0.5459190011024475,0.000799984398353495
255,ZC3H15,0.5454565286636353,2.980896135847518e-08
256,MED21,0.5448909997940063,0.00026582658820919965
257,EIF4A1,0.5439591407775879,0.0008996400060467683
258,PPAN,0.542124330997467,0.015357496870911092
259,CAMSAP2,0.5419430136680603,0.03282304252605139
260,LTBP3,0.5407120585441589,0.01404161052144197
261,DDX24,0.5406255125999451,7.524437263359721e-05
262,CUL4A,0.5404015183448792,0.0024590376894278294
263,PSMA2,0.539847195148468,6.375264778558946e-08
264,GJB3,0.5392926931381226,0.03526271230685394
265,POLD2,0.5392510294914246,3.946333759455355e-05
266,ARHGAP18,0.5385018587112427,0.03880676237034458
267,TCP1,0.5382283926010132,0.0021128047414458563
268,CDC123,0.5363680124282837,4.497459105505586e-05
269,NET1,0.5360288619995117,0.0034742974012577205
270,HSPA8,0.5359726548194885,5.960203896667969e-05
271,CCNB2,0.5348863005638123,0.0006662507440270553
272,CHAF1A,0.5340738296508789,0.013795532225727202
273,METTL2A,0.5336996912956238,0.03535141240524619
274,POLR3K,0.5336751937866211,0.00076320110327492
275,ATG101,0.5323822498321533,0.0018874342216936898
276,TMEM167A,0.5323357582092285,2.0244689663733885e-05
277,COMMD5,0.5321561694145203,0.011157583968615846
278,NMU,0.5317001342773438,0.02155505947645894
279,BAIAP2,0.5310248732566833,0.03581503746180579
280,DPH6,0.5297431349754333,0.03190157781212647
281,POLR3H,0.5285996198654175,0.03288078124907489
282,CACYBP,0.5283408761024475,6.145258016474692e-07
283,C20orf24,0.5280541181564331,0.00015044845576627042
284,PTGR1,0.5274474620819092,0.0005375329448829174
285,SET,0.5259748101234436,1.6187191465631672e-09
286,WDR4,0.5248127579689026,0.007418952660624007
287,UCHL5,0.5224423408508301,0.004465390767543981
288,SLC38A1,0.5221006274223328,0.006240632238333632
289,PSMA3,0.5216417908668518,4.098099282038371e-06
290,MRPS23,0.521477460861206,0.0004885058109382861
291,PGP,0.5212735533714294,0.0004780915002249747
292,SLC16A1,0.52009117603302,0.008997201342662377
293,C16orf91,0.5200574398040771,0.012475861477429207
294,PELO,0.5194472670555115,0.012133968852858518
295,MT2A,0.5192427039146423,2.2544068092851404e-07
296,UPP1,0.5180865526199341,0.0049891780785178775
297,SUB1,0.5156049728393555,1.489949815704735e-14
298,UBE2V2,0.5154702663421631,0.0016464365895046506
299,NDUFAF2,0.5146262049674988,0.0009970041476822283
300,LSM12,0.5134891271591187,0.004572480514971517
301,NASP,0.5132055878639221,0.00019243810780757639
302,PSMD14,0.5130824446678162,0.0001377852976122201
303,TMEM123,0.5121924877166748,0.00024342921352498055
304,ABT1,0.5119991302490234,0.004893519669237704
305,PCF11,0.5119948387145996,0.044908998728944126
306,MALSU1,0.5103191137313843,0.0005708460340476696
307,TMEM70,0.5102667808532715,0.008870155898247509
308,SNRPF,0.5094500780105591,3.8759234596068007e-10
309,TPM3,0.5087969303131104,1.5181849536824225e-05
310,ACIN1,0.5073094964027405,0.003179122592264015
311,TMEM126B,0.5069959163665771,0.000638339993770158
312,DNAJC2,0.5065966248512268,0.0016856924549631313
313,BZW1,0.5065562725067139,0.0007539323479181659
314,ARF1,0.5064880847930908,0.00016304578262101336
315,UBE2G1,0.5060442090034485,0.006894955095180741
316,BZW2,0.5050509572029114,0.0004211365286144579
317,TRIML2,0.5046386122703552,0.0024660609806821184
318,PSMD2,0.5032403469085693,0.0002973959092268801
319,ABCF1,0.5030985474586487,2.547613333680264e-05
320,PARVB,0.5024297833442688,0.017434586100904623
321,CDK6,0.5020368099212646,0.019452358662251507
322,GAL,0.5019848346710205,0.00015678824566099216
323,CCDC127,0.5016509294509888,0.012558841505669124
324,GRPEL1,0.5014790892601013,0.009783051806741437
325,SLC52A2,0.5013189315795898,0.023379935075211713
326,HNRNPU,0.5011188387870789,0.00017386397903280842
327,MRPL32,0.5008887648582458,0.0006632952628582552
328,SYNCRIP,0.5008355975151062,0.0002881286869013235
329,PDLIM4,0.5006929039955139,0.005640037216597966
330,MRPS2,0.499756395816803,0.0005462029752832115
331,UBE2N,0.4996997117996216,0.000712688027120738
332,PLIN3,0.49954408407211304,0.031318133412088646
333,MRPL9,0.49867644906044006,0.00033946190566700054
334,PDCD6,0.4981089234352112,3.161775597115878e-05
335,CYB561,0.49809443950653076,0.03640272756219044
336,COPZ1,0.4974892735481262,0.0001000849275235654
337,SRPK1,0.4973999261856079,0.00016611862904461009
338,ARPC2,0.49603214859962463,4.557335680707802e-12
339,SFPQ,0.49547237157821655,0.0006738379047823768
340,ELOF1,0.4942980110645294,0.0012018414205682182
341,WDR5,0.49373355507850647,0.038401849626811285
342,FAM25A,0.49371761083602905,0.008668618316328688
343,KARS,0.49274057149887085,0.023006947455998076
344,POLR2E,0.4924280643463135,0.00027575922866676314
345,RPL7L1,0.4919871389865875,0.001311873932244737
346,TRAPPC4,0.49095144867897034,0.0004696749555365175
347,ENAH,0.49084171652793884,0.022274157372761644
348,AC004791.2,0.4908203184604645,0.0016101837684426902
349,CYB5R1,0.4901750087738037,0.03552938390238667
350,SRSF11,0.4900842607021332,0.00021332610052928285
351,PRPF40A,0.489747017621994,0.0010506470346058887
352,MPHOSPH6,0.4894729256629944,0.0007075183469765528
353,BAZ1B,0.4889272153377533,0.002443143682832745
354,TAF7,0.4888795018196106,0.0007166649696891687
355,COX19,0.4888715445995331,0.00014319097788977056
356,VIMP,0.48861533403396606,0.00015283919980286836
357,C17orf89,0.48788025975227356,0.000154485283804391
358,INHBA,0.4873768389225006,0.0021738030911054524
359,SEP15,0.4872203767299652,0.0026809981911650725
360,DRG2,0.48687806725502014,0.01790489998096076
361,ST13,0.48684409260749817,3.5660614786735365e-08
362,DCTPP1,0.48673126101493835,0.0013020649636800346
363,SIGMAR1,0.48610034584999084,0.006187362418873862
364,FKBP4,0.48539048433303833,0.008929379535392828
365,EIF3A,0.4852997362613678,0.0007491241797390411
366,SDAD1,0.4836442768573761,0.020139435205780855
367,AK6,0.48329922556877136,0.029581351979872456
368,TCEB3,0.48182252049446106,0.001992860583479783
369,MPDU1,0.4800221621990204,0.005193759901692967
370,HDLBP,0.47987276315689087,0.0008860998673492957
371,GNAI2,0.479537695646286,0.03754882803092575
372,NCOR1,0.4789096415042877,0.0030458911814689824
373,HNRNPR,0.47835126519203186,0.0005264535510726833
374,MTPN,0.4767526090145111,0.0005795954570725216
375,ALKBH2,0.47642186284065247,0.018301094266456396
376,CENPE,0.47603750228881836,0.010025678449487136
377,SSB,0.4755150377750397,1.4379677071594702e-05
378,UBE2L6,0.4753893315792084,0.0018096464217413465
379,OSTC,0.47533750534057617,0.00016045456123186494
380,MRPS9,0.47446364164352417,0.015507234911294443
381,SRP72,0.4743557274341583,0.0027430626134984813
382,PSMC1,0.4743533432483673,2.3817638301208183e-06
383,HAX1,0.4742700755596161,0.0008640736608522562
384,NSUN5,0.47300153970718384,0.02760050507369986
385,ILF2,0.47248807549476624,0.0007822786071916743
386,PSMB6,0.4722837209701538,1.1175598307583618e-10
387,SDF4,0.4718807637691498,0.0016112649017072343
388,ASNSD1,0.4715656042098999,0.0020882440539848456
389,ANP32B,0.47102996706962585,1.9896125332188435e-07
390,PGRMC1,0.4705767333507538,0.04038631942568536
391,ASNA1,0.47029903531074524,0.0011459684524949003
392,C20orf27,0.46911948919296265,0.0018341047360993662
393,CNIH4,0.46863609552383423,1.6883112437366544e-05
394,TPM2,0.46833136677742004,3.085093256912369e-05
395,RP11-345J4.5,0.46738314628601074,0.009466615134739708
396,SSR1,0.4668073356151581,0.0017921556430615462
397,CBR1,0.4667815864086151,0.00018689103057824372
398,PAPOLA,0.46665024757385254,0.0008817525519089937
399,ADSL,0.46650466322898865,0.0018446095726556936
400,C9orf78,0.4658239483833313,0.0030911653758395794
401,GIGYF2,0.4657560884952545,0.012998263481823199
402,ZFR,0.4654853641986847,0.01011574653971424
403,MED10,0.46500855684280396,0.0010211553084970703
404,AK2,0.46458321809768677,0.0018207484404299075
405,NPM1,0.46427011489868164,2.8461935417185337e-16
406,CLEC2B,0.46330469846725464,0.039963654512899856
407,DDX52,0.46329519152641296,0.0040533484111640785
408,CBWD5,0.4631485342979431,0.02625965558312618
409,TPP2,0.4626094698905945,0.023523858224242026
410,PAK2,0.4625609219074249,0.0003935445760378497
411,SEPW1,0.4620692729949951,0.0001405637804086185
412,COA6,0.46165478229522705,7.447064989994462e-05
413,RUVBL1,0.46157342195510864,0.049929217149915
414,POLE3,0.4615590274333954,0.002775652810457813
415,CCT4,0.4605066180229187,0.0014843878774367467
416,TIMM23,0.45940765738487244,0.008433155414635608
417,GPATCH4,0.458871066570282,0.015060206049862574
418,HMGA1,0.4586874842643738,4.5137062182402516e-06
419,FDX1L,0.45847681164741516,0.044837918075292846
420,DNAJA1,0.45823439955711365,0.00034002261333540595
421,RAB5C,0.457728773355484,0.0016024192983368068
422,PDIA6,0.4575328528881073,0.00015392666153489005
423,CAPRIN1,0.45704713463783264,0.002023579102682694
424,C11orf24,0.4556494951248169,0.037009268385982834
425,IQCE,0.4545942544937134,0.007958968066548396
426,TXNDC12,0.454329252243042,0.009482811805785325
427,MRPL46,0.45335811376571655,0.031385932407000466
428,RAB31,0.45140543580055237,0.027372097578215692
429,SURF4,0.45047494769096375,0.008620862482779827
430,ITGB1BP1,0.45044299960136414,0.004268001955253409
431,GPI,0.45039042830467224,0.0022422647340232357
432,POLR2A,0.450288861989975,0.004014302592745326
433,LMNB2,0.4494011104106903,0.02530924618838809
434,FAM204A,0.44886264204978943,0.0024330209154859177
435,COPS8,0.4487878084182739,0.03532068700245775
436,ATP5B,0.4485341012477875,0.0002225713162044319
437,UBN1,0.4485245943069458,0.03330361594630499
438,METAP2,0.4481365978717804,0.0001087067906256707
439,CBX1,0.447849839925766,0.002740949357151579
440,CRELD2,0.44774937629699707,0.0008922194955605565
441,PTMS,0.4477251470088959,5.490655590934818e-05
442,SNRPA1,0.4477161765098572,0.0007309033834426702
443,MRPS14,0.44742313027381897,0.000780506046482639
444,C1orf122,0.44734132289886475,0.018147074864157137
445,PSMC2,0.447121262550354,0.0017907249777476346
446,NQO1,0.44660484790802,3.1110814325506567e-06
447,PSMB7,0.4463973641395569,2.5408561544310797e-07
448,PSMB3,0.44613516330718994,1.370649011604171e-07
449,CCND1,0.44607996940612793,4.7847755027141046e-05
450,TFRC,0.44604700803756714,0.040893876105697086
451,ANP32A,0.4459989070892334,0.0006724875153013337
452,CDK12,0.4455782175064087,0.014659513421273647
453,SNRPD1,0.4452378451824188,1.4502043475947648e-06
454,EIF3B,0.44514200091362,0.018124070125340355
455,SRSF2,0.4450593888759613,0.0014416450911326735
456,UFD1L,0.44469889998435974,0.0005267605492475119
457,MLLT11,0.44456395506858826,0.007075776873527258
458,ERVK3-1,0.44452136754989624,0.0020307911604572435
459,SMC5,0.4439278841018677,0.02634177818785844
460,GPX2,0.4431394636631012,0.0013298833244182325
461,NSRP1,0.4429883360862732,0.0020655754109951373
462,PDCL3,0.4429478347301483,0.0019643863874136717
463,SURF6,0.4421198070049286,0.011682797085546997
464,NOLC1,0.4418206214904785,0.009660415637350976
465,POMP,0.44181838631629944,6.740858463082219e-14
466,CCT2,0.44118815660476685,0.0006604467307508961
467,UBE2K,0.44094815850257874,0.0012349364924317792
468,RAB8A,0.4402570426464081,0.036931210742633495
469,UCHL3,0.43989187479019165,0.0013459200002884728
470,C7orf50,0.4398735761642456,3.97590159580233e-05
471,C12orf75,0.43985316157341003,0.0015878470352234137
472,PLEC,0.43946102261543274,0.005798627229865206
473,GEMIN7,0.4392039179801941,0.04759339641124056
474,PYURF,0.43886101245880127,0.001601343629691978
475,ARL2,0.43838322162628174,0.0030939169723447797
476,NSA2,0.43768900632858276,0.00034484957755320724
477,CD3EAP,0.4375440180301666,0.0024882078032344335
478,VPS26A,0.4374219477176666,0.03035807272724301
479,EXOSC2,0.43709564208984375,0.04931039925265267
480,EEF1E1,0.43693408370018005,0.0005355024864692658
481,NCBP2,0.4368942975997925,0.0021958328505676983
482,RP11-554I8.2,0.4367283582687378,0.013706861711123224
483,PUSL1,0.4362421929836273,0.021348613986882075
484,RPS19BP1,0.4361554980278015,0.0014632684284130028
485,EIF5,0.43603426218032837,0.00010712793911735515
486,LAMC1,0.4356035590171814,0.020595594180037424
487,TMEM11,0.4352717399597168,0.00461245786254316
488,RRP1B,0.43431487679481506,0.02453804389356662
489,CCDC59,0.4334438741207123,0.006172638087287681
490,NDUFAB1,0.4330703318119049,0.001761157177323736
491,IMP3,0.4325501620769501,0.003444692979613131
492,CANX,0.4324716031551361,0.0020904409967469795
493,RPF1,0.4324134886264801,0.016586528019968332
494,PSMC6,0.43217217922210693,0.007139225131940367
495,ANXA3,0.4319947063922882,0.00951311172934936
496,GLRX3,0.4313443601131439,0.0009833440764120676
497,H2AFY,0.43110236525535583,0.004588208600384332
498,RABEPK,0.43090343475341797,0.018214318131527907
499,MRPS6,0.43053576350212097,0.0018431404703514425
500,PRELID1,0.4305030405521393,0.00020173637963726265
501,TXNL4A,0.4299083650112152,0.004477482066263317
502,GARS,0.42917466163635254,0.04053188375991867
503,SELK,0.4284052848815918,0.003856702184552258
504,ADH5,0.4279203414916992,0.0034407920008456714
505,RALA,0.42783766984939575,0.003507658576504297
506,BCLAF1,0.427618145942688,0.003961787645232842
507,PHF19,0.4261430501937866,0.006174109099276191
508,MRPS17,0.42574501037597656,0.006638563855274908
509,TBRG1,0.42546382546424866,0.02345180082435309
510,HSP90AA1,0.4249168336391449,7.501726284570275e-13
511,CNOT7,0.4240405261516571,0.021743018035872613
512,COX17,0.42393916845321655,0.0008597055881695916
513,TIMM10,0.42390596866607666,0.002934964530656129
514,RBM42,0.4238938093185425,0.007331787181739745
515,NOB1,0.4234863519668579,0.044425860461750455
516,FAM96A,0.4229119122028351,0.0038308295857593954
517,SYAP1,0.42166003584861755,0.010418457198119565
518,RHEB,0.4211575388908386,0.003169059499014767
519,EIF4B,0.42111867666244507,0.01977467659157098
520,MRFAP1,0.4207970201969147,0.021220736687504863
521,RBM25,0.42067596316337585,0.0016197207000426582
522,CNIH1,0.42036959528923035,0.03423629625548532
523,LSM10,0.4203614592552185,0.010472636134537073
524,BMS1,0.42032480239868164,0.03154978360955834
525,TM2D2,0.41988739371299744,0.028264593769108896
526,POLR2F,0.4196552038192749,0.0004267159471320982
527,EIF6,0.41922858357429504,0.000340533099365021
528,NARF,0.4187279939651489,0.011393313237813157
529,CSTF3,0.4174056649208069,0.004651042498657209
530,PPM1G,0.41658517718315125,0.000996726456605234
531,ZRANB2,0.41644325852394104,0.0028590473251245917
532,NCKAP1,0.4161784052848816,0.004951075241878715
533,NUTM2A-AS1,0.4161684215068817,0.028513602305905352
534,AHCY,0.416104257106781,0.009716590779950168
535,HNRNPF,0.4157816767692566,0.044691874296455734
536,PCMT1,0.41577428579330444,0.004915630478016327
537,DESI1,0.41549426317214966,0.013699370448679424
538,NOL12,0.41508546471595764,0.024222974509686485
539,SFN,0.4147549271583557,4.800606578729587e-06
540,HMG20B,0.41464078426361084,0.007002943336017856
541,GTF2F1,0.4144684374332428,0.011531461173794168
542,DYNC1LI1,0.41360798478126526,0.04044755555435469
543,MRPL47,0.4134988784790039,0.0024872411265680233
544,KNSTRN,0.4111303687095642,0.012774064369494458
545,PTPMT1,0.41107645630836487,0.0013172529768943166
546,WDR74,0.4109066426753998,0.027813869224779863
547,YWHAG,0.41061854362487793,0.01391201646821843
548,PUM3,0.40976184606552124,0.038810459969227405
549,GOSR1,0.40960782766342163,0.04325338035120573
550,PDHX,0.409366637468338,0.004556801277893444
551,PNO1,0.4092312753200531,0.03198926613816328
552,UBAC1,0.40770331025123596,0.012375557423195887
553,H2AFX,0.40740054845809937,0.006758882173638454
554,DERL1,0.40732768177986145,0.0064112937298923854
555,CTNNAL1,0.4072703719139099,0.002583625794690585
556,TOMM22,0.4072239100933075,0.0026948323919381155
557,RAB1A,0.40679749846458435,0.0034909417227200193
558,TIMM13,0.40625011920928955,0.0006673024030255967
559,ACOT7,0.4056130349636078,0.0026803081878231825
560,ADK,0.40547195076942444,0.003240935590826081
561,GNB1,0.4054540693759918,0.008894619542245855
562,EIF4A3,0.40528807044029236,0.03421968476155375
563,UQCC3,0.40524956583976746,0.009119605744386696
564,KRT10,0.4048493504524231,0.00023506276423512174
565,PRPF6,0.40439191460609436,0.008565444680602751
566,DNTTIP2,0.40425559878349304,0.026077660513145497
567,AVPI1,0.40258893370628357,0.006210247640733512
568,PSMB4,0.4021415114402771,0.0023801938846168837
569,G3BP2,0.4017549753189087,0.02781108917276707
570,RBAK-RBAKDN,0.40155503153800964,0.03387243126172969
571,HNRNPAB,0.4015001058578491,0.002081665925975723
572,HMGB1,0.40148085355758667,5.621283234439249e-11
573,MRPL24,0.4014213979244232,0.004056869325443319
574,RFC1,0.401338666677475,0.00483008296764559
575,CD44,0.4012129604816437,9.651491569318302e-06
576,LSM14A,0.40072640776634216,0.018245130505483636
577,CEBPZ,0.40070784091949463,0.0020382952368885494
578,CDC37,0.400220662355423,0.00385478026559449
579,SRA1,0.4001944363117218,0.02854201793808352
580,KCMF1,0.40018680691719055,0.04669119334392478
581,PRPF4B,0.39993831515312195,0.0020377583888590684
582,SSR3,0.39937397837638855,0.0022469570616252955
583,DNM1L,0.3992297351360321,0.008238622985464463
584,CDC26,0.3987587094306946,0.004533373722255286
585,LUZP1,0.39858564734458923,0.007144255891378338
586,HNRNPA2B1,0.3978995084762573,0.0007763111465077506
587,ATP6V0B,0.397779643535614,0.004306622398034841
588,S100A16,0.39751359820365906,1.5553133348180163e-05
589,RAB7A,0.3964928686618805,0.010169672538226494
590,TMEM126A,0.3962153196334839,0.006233209045836068
591,AUP1,0.39499011635780334,0.002615155790634061
592,SF3B2,0.39455220103263855,0.002916280388114485
593,ISCA1,0.3942817151546478,0.015744408121140883
594,NPM3,0.39404138922691345,0.006335601577717165
595,PSMD13,0.39399707317352295,0.012357770177553011
596,THRAP3,0.3938525319099426,0.0020669345760698722
597,CCDC47,0.3936317563056946,0.013918091253319857
598,EIF4H,0.39345818758010864,0.01751809975284684
599,RAB1B,0.3933444321155548,0.009451520507339646
600,BIRC5,0.39295443892478943,0.004266421553742084
601,NOP56,0.3928382396697998,0.003774369868449141
602,SUN1,0.39264237880706787,0.042958334761917745
603,VTI1B,0.3913300633430481,0.003174288678411877
604,THUMPD2,0.39116522669792175,0.0062139459345522535
605,SMIM4,0.3909522593021393,0.02552271123963414
606,ANXA5,0.3904871642589569,0.013114545035129613
607,NDUFS3,0.3904253840446472,0.00576534632646824
608,TSTA3,0.3903728425502777,0.004735453949796678
609,TERF1,0.38968604803085327,0.037251426252703605
610,BOLA3,0.3894076347351074,0.0037024271545495185
611,NOC3L,0.3888661563396454,0.04077805013489561
612,ORC6,0.3877190351486206,0.034489640667518036
613,LINC00998,0.38766857981681824,0.010212304815370015
614,NRBP1,0.3876539468765259,0.03730860019295667
615,PFDN1,0.3875530958175659,0.005594103981353358
616,ZNF593,0.38753223419189453,0.004937831613556273
617,KIAA1143,0.3874187767505646,0.01581736965544757
618,SNX3,0.3871021568775177,0.0007113669428892309
619,ATP5F1,0.3862505853176117,0.0011406096191160797
620,RHOA,0.38543251156806946,0.00655347228383092
621,S100A2,0.3852695822715759,9.820893258394453e-18
622,RP11-357H14.17,0.38504815101623535,0.01817202551566887
623,CAV1,0.3847508728504181,5.1039451410869226e-09
624,SERBP1,0.38456016778945923,4.129004553821791e-07
625,NIPA2,0.3845553696155548,0.04166141338940043
626,DTYMK,0.384466290473938,0.01611046985750438
627,CDC73,0.3841555714607239,0.04652283449891309
628,CNBP,0.38409528136253357,0.013603801183488905
629,DMKN,0.383822500705719,0.00025412486486297425
630,DNAJA2,0.3837015628814697,0.04583747043447673
631,WBP11,0.3834432065486908,0.020179388720879217
632,LAD1,0.3830232322216034,0.040639426096054074
633,NTMT1,0.38260316848754883,0.010215768449479039
634,EIF2AK4,0.3821869194507599,0.0048810103508254805
635,UQCRFS1,0.38211965560913086,4.3555983350660725e-05
636,DGUOK,0.38188937306404114,0.0014307503466337173
637,NOL7,0.38117513060569763,0.000875084036816736
638,ENO1,0.3807035982608795,2.063460376148524e-07
639,MAPKAP1,0.3805095851421356,0.04964630607884731
640,POP4,0.3798401355743408,0.000934595344419427
641,TAX1BP1,0.3796258866786957,0.006118432016316408
642,DNAJB12,0.37952756881713867,0.02540421368599075
643,POLR2G,0.37936931848526,0.009477410171471795
644,TUBB2A,0.37898632884025574,0.017406825897980205
645,MRPL55,0.37893885374069214,0.009808635752809464
646,PA2G4,0.37892067432403564,5.105879379283639e-06
647,RANBP1,0.37843963503837585,0.0003256242186774087
648,CAV2,0.3784000277519226,0.0025819584440644394
649,CWC22,0.37825286388397217,0.009630793219339824
650,C6orf48,0.37796324491500854,0.0022142988188024733
651,EXOSC4,0.3773319721221924,0.010293395911370453
652,MRPL52,0.37720757722854614,0.0004495323790739756
653,MPHOSPH10,0.37667402625083923,0.023622647359142403
654,AP1S1,0.37665143609046936,0.005729486468465393
655,SLC25A39,0.3763691186904907,0.005347451484129508
656,SELT,0.3757389187812805,0.04635928434009142
657,CCT3,0.375499427318573,0.017244745421765212
658,DDX39A,0.3754565715789795,0.013786491806294349
659,LY6K,0.3751712143421173,0.014490235096855725
660,PFDN2,0.37445008754730225,0.003609951086604849
661,HNRNPK,0.3742622435092926,0.004005340651112348
662,GLO1,0.3735899031162262,0.011803030998450911
663,NDUFB5,0.37353286147117615,0.004441843167364419
664,DLGAP5,0.37314361333847046,0.04696424063418373
665,ZC3H13,0.3731020390987396,0.009440751777738184
666,SBDS,0.3718460202217102,0.04551068253174825
667,OCIAD2,0.3711993992328644,0.017923865648259596
668,MYEOV2,0.3707673251628876,0.0007099467816700062
669,ABRACL,0.370547890663147,0.007442411232600991
670,STAU1,0.3705337643623352,0.008638743291480445
671,CBX3,0.36971086263656616,6.279767081053467e-08
672,KHSRP,0.3694257438182831,0.01258660990600044
673,SNHG7,0.369190514087677,0.008375916133523564
674,CNN2,0.3690817356109619,0.017060354088008826
675,RPS6KB2,0.3684508800506592,0.03854499676247803
676,PABPC4,0.3683081865310669,0.00280715658952867
677,PSMA5,0.3679828643798828,0.0021795055447277906
678,PRDX3,0.36753198504447937,0.014095281718651636
679,RTN4,0.36646077036857605,0.003479545683747579
680,HNRNPD,0.36595967411994934,0.0033327632088436814
681,AKR1C1,0.36575621366500854,0.014277566808467186
682,LSM4,0.36531588435173035,0.0018438748870715207
683,JTB,0.3651224970817566,0.0018806910161766233
684,AASDHPPT,0.36401405930519104,0.03891040834344257
685,RRBP1,0.36383265256881714,0.008171207475557832
686,EIF5A,0.3630460202693939,2.6484305769493664e-05
687,KPNB1,0.3616105020046234,0.009329404062733054
688,TUBA4A,0.3613329231739044,0.018516691162386485
689,CD2BP2,0.36123988032341003,0.01111768224593183
690,NABP2,0.3593551516532898,0.03783739018037048
691,AIMP1,0.35920101404190063,0.003397717552479749
692,MINOS1,0.3590102791786194,0.0006171900424928729
693,MRPL18,0.35876625776290894,0.003931361279703274
694,SNRPB,0.3587512671947479,0.00018070342373961712
695,ARHGDIA,0.35857057571411133,0.010451405900990661
696,DHRS7,0.358524352312088,0.010826084922247384
697,NDUFC1,0.35798922181129456,0.006216905997174556
698,MRPL23,0.35769468545913696,0.024891999109374154
699,HMOX2,0.356734037399292,0.010140956717901762
700,LARS,0.3567013740539551,0.015829275216975542
701,EI24,0.35609301924705505,0.02325582056553464
702,TNFRSF12A,0.3555964529514313,0.008370114701358702
703,PSMC5,0.3553878366947174,0.00048472684272402294
704,SEC61G,0.35517606139183044,0.00035063202629521056
705,SNRNP70,0.3550293445587158,0.01789542374190327
706,PHB2,0.35461750626564026,0.01172449377314877
707,SEPHS1,0.3544752299785614,0.02842566865066915
708,APOA1BP,0.3544670641422272,0.016141598501650666
709,EGFL7,0.3538829982280731,0.010658244574303385
710,UBE2D3,0.35358256101608276,0.009265699347493429
711,SNRPD3,0.35320866107940674,0.0021390326691498388
712,GOLGA4,0.35237234830856323,0.00979528017813771
713,MKKS,0.3520635962486267,0.012908453739970589
714,TYW3,0.35191261768341064,0.03563584555077925
715,ZNRD1,0.3518817126750946,0.044934108696317046
716,VDAC2,0.3515961468219757,0.0007671123706630442
717,BABAM1,0.3503352999687195,0.029324331887409672
718,NDUFA12,0.3485819101333618,0.010987643575948718
719,HSPBP1,0.3485439121723175,0.016600714810506297
720,ITGB1,0.34774336218833923,0.006843944577916211
721,TSR3,0.34768760204315186,0.01866755203804036
722,MPLKIP,0.3468298316001892,0.016254448069156706
723,DKK1,0.3464180529117584,0.012013415620440802
724,PTS,0.3462918698787689,0.012062847275076073
725,CNPY2,0.34581929445266724,0.009898088359821453
726,PSMB1,0.34575212001800537,5.908546302243793e-06
727,PFDN6,0.3445482552051544,0.009530464709058457
728,MRPS34,0.3443174362182617,0.0008194498019420008
729,SDHB,0.34371206164360046,0.00888136093102984
730,CENPN,0.3423355519771576,0.011853012235708988
731,CALM1,0.341429203748703,0.0053539165720758695
732,DDX18,0.3408702313899994,0.01301256971079056
733,FAM200B,0.3406974673271179,0.02968411311020885
734,SUMO3,0.34063857793807983,0.014375737520912051
735,TIMM44,0.34055861830711365,0.04098673749956704
736,BRMS1,0.34024062752723694,0.03399114865206909
737,SRSF10,0.3400849997997284,0.021139508822243913
738,ZBTB8OS,0.33997228741645813,0.029408818621161126
739,COX20,0.3398190438747406,0.0020399065596877638
740,ZNF706,0.339601069688797,0.012300458359809693
741,MRPL28,0.3395494520664215,0.013465976895482006
742,MAPRE1,0.3391095697879791,0.03751288977678726
743,VDAC1,0.3381195068359375,0.016638005846977975
744,PTPN1,0.3380296230316162,0.03887336496159003
745,EMG1,0.3377017676830292,0.024922326109538352
746,ISG15,0.33758431673049927,0.008029469979345723
747,MYOF,0.3374955356121063,0.014875574437936603
748,SLIRP,0.3374873399734497,7.121568300557847e-05
749,PNN,0.33607468008995056,0.018481579224260553
750,GTF2A2,0.33581995964050293,0.01992820747134578
751,AKAP9,0.3357979357242584,0.01889685310773191
752,USP34,0.3349800407886505,0.0391966480301714
753,EIF3M,0.33473819494247437,0.03743392864117604
754,EIF3I,0.33457499742507935,0.006864955300617799
755,NDUFA8,0.3338114023208618,0.008704590212919762
756,SRRM1,0.3338029980659485,0.002134267318042001
757,MBNL1,0.3335513472557068,0.04341577409679399
758,RHOC,0.3334856927394867,0.013055571997474008
759,NANS,0.3331637680530548,0.023065992192633694
760,NDUFA10,0.3317153751850128,0.03212433260649972
761,ARMC10,0.33130010962486267,0.029338883649962632
762,RNF5,0.33111879229545593,0.023387113037552303
763,PPFIBP1,0.3309660851955414,0.02330826056609282
764,CD59,0.3302345275878906,3.489615245535377e-07
765,GTF3C6,0.3301059603691101,0.026581457239146098
766,MRPL50,0.33007192611694336,0.016744957287922965
767,HMGXB4,0.32935038208961487,0.03669435287653873
768,PDLIM7,0.32933270931243896,0.04448393654118897
769,ETFA,0.3290504813194275,0.02297629610523793
770,NIFK,0.32861557602882385,0.01986791641025605
771,EMC7,0.3283282518386841,0.01663622841673579
772,MMADHC,0.32817283272743225,0.023656462582280744
773,FGFBP1,0.32782474160194397,0.020263727516788274
774,DKC1,0.32679682970046997,0.021570668481768245
775,ERH,0.32609426975250244,0.000981837035779923
776,ANP32E,0.3256392478942871,0.01933242472415715
777,RBM17,0.32494574785232544,0.02359128507185589
778,MUM1,0.3248297870159149,0.02907501181269037
779,NDUFS8,0.3246397078037262,0.005082819848314663
780,RNF145,0.3242129385471344,0.025031260752049304
781,RAN,0.3240812122821808,1.2189514632033715e-06
782,BAD,0.32346612215042114,0.027894595030107897
783,REXO2,0.3233708441257477,0.013194025119858113
784,COA4,0.32278507947921753,0.021925613097272582
785,TRAPPC3,0.32265040278434753,0.0299912736588261
786,MRPS18B,0.3224550485610962,0.02073526465292424
787,VAPA,0.32239434123039246,0.0394696673561546
788,POLR2J,0.3223015367984772,0.010121471220309397
789,MCUR1,0.32168063521385193,0.018038029653381693
790,HOXA7,0.32154083251953125,0.043627655763035636
791,NOL8,0.3213790953159332,0.04927872323983061
792,PTRH1,0.32127857208251953,0.014316452437995767
793,MRPS15,0.3210558295249939,0.0275701400164272
794,IMP4,0.32072684168815613,0.02221001362424413
795,SNRPB2,0.3205634653568268,0.006889270441207151
796,IARS2,0.3204450309276581,0.020698655942948833
797,PSMA7,0.31985706090927124,3.376774026464257e-06
798,ESF1,0.31979626417160034,0.025714341172999103
799,EFHD2,0.3194240927696228,0.021082591951862933
800,MOB4,0.31907904148101807,0.02395780669704435
801,LSM7,0.3190271854400635,0.0017097487650683935
802,BCAS2,0.3179115355014801,0.03407711004697471
803,COMMD9,0.31786537170410156,0.02439123414200429
804,PSME2,0.3176713287830353,0.033476003776226955
805,FERMT1,0.3174824118614197,0.03986519618520114
806,ATP5G3,0.3169251084327698,0.0013690061983816356
807,UCHL1,0.31686118245124817,0.0003945399786990749
808,FCF1,0.31651678681373596,0.04748366241597014
809,MRPL41,0.3164428174495697,0.01383930142461015
810,ANKRD11,0.3147808611392975,0.019593444605491808
811,HSD17B10,0.31468841433525085,0.027744439764921386
812,UBB,0.3140198588371277,1.0208067033923929e-08
813,GTSF1,0.3136449158191681,0.0312812051327948
814,ARPC1B,0.3133952021598816,0.03647983280673904
815,PSMB2,0.31304287910461426,0.0008160984457348175
816,GTF2F2,0.31277576088905334,0.042994618056647074
817,CSNK1A1,0.3127606213092804,0.0405549082133308
818,ADSS,0.3123924434185028,0.021869114774483944
819,HDGF,0.3120764195919037,0.038420176533043686
820,ISCU,0.3113243877887726,0.020221519754341957
821,NMT1,0.31086307764053345,0.0047505273761176674
822,ORMDL2,0.310617059469223,0.020512186260578602
823,SQSTM1,0.3105064332485199,0.023423031549620128
824,U2SURP,0.3088177442550659,0.016210962602728304
825,SAR1A,0.308781236410141,0.024440914645850763
826,GOLGA2,0.30877164006233215,0.02424765529305695
827,AK1,0.30867964029312134,0.031361263672237634
828,H2AFV,0.3083859086036682,0.003841830055205332
829,PDHA1,0.30814945697784424,0.03887336496159003
830,VDAC3,0.3081200122833252,0.030418077675692833
831,EIF4G2,0.3079403042793274,0.03248478355730118
832,EIF1AX,0.3078620433807373,0.01064386384089216
833,UBE2D2,0.30780303478240967,0.02991126863587256
834,PLEKHJ1,0.3077433407306671,0.03692057738931114
835,RNF216,0.307727187871933,0.03620360068046612
836,MRPL12,0.30742698907852173,0.03167703922402191
837,PRPF31,0.3073722720146179,0.04602936393974353
838,ITGAE,0.3073297441005707,0.023977362062473025
839,COX8A,0.30730706453323364,2.2315229686256613e-06
840,CFL1,0.3071729838848114,4.761870411340414e-11
841,TCERG1,0.30649539828300476,0.047488047687845314
842,CMSS1,0.30634650588035583,0.03035807272724301
843,SUGT1,0.30565395951271057,0.03066516435616691
844,DDOST,0.30510392785072327,0.022400623133745003
845,RUVBL2,0.30379024147987366,0.0319673247096306
846,DYNC1I2,0.30327022075653076,0.027033901062719797
847,TMEM14B,0.3029337525367737,0.043635822468780984
848,ATG12,0.3024233877658844,0.04134826478396528
849,C19orf24,0.3020913302898407,0.027391297689662523
850,ITGA6,0.3016393482685089,0.023516643848252153
851,PDCD5,0.3014299273490906,0.024371386459449126
852,MRPL21,0.30103036761283875,0.030716604790284308
853,PTMA,0.300591379404068,1.6312109611749915e-13
854,SMIM7,0.3005037307739258,0.03057758376019051
855,C19orf48,0.3004348576068878,0.04576090195295119
856,REEP3,0.30037447810173035,0.03666968136125787
857,EIF3G,0.30031272768974304,0.04086296195354495
858,YBX1,0.3000752925872803,2.702871285406312e-10
859,TXN,0.2999773323535919,4.795159578755413e-09
860,TMED9,0.29942452907562256,0.036252422819932587
861,CIB1,0.29904529452323914,0.02748747263547564
862,UTP11L,0.29898273944854736,0.03690286092786869
863,MYDGF,0.2988983392715454,0.014244974916381844
864,RPL39L,0.2988494634628296,0.04770334352110276
865,TMCO1,0.2985413372516632,0.04567595227061155
866,SNRNP25,0.29820889234542847,0.03456662568028595
867,SDF2L1,0.29811108112335205,0.03497743976149999
868,TARS,0.2977421283721924,0.03556026413303564
869,DARS,0.2974454164505005,0.018322361178956727
870,MAP1LC3B,0.2970787584781647,0.0233727590252709
871,TRIP6,0.29644978046417236,0.027085486328634317
872,EMC4,0.29637205600738525,0.026793392338803877
873,TPI1,0.2962096631526947,1.668120804134014e-05
874,FAM207A,0.29598164558410645,0.03943217228733225
875,RABEP1,0.2953174114227295,0.039140747234221944
876,TIMM17A,0.2952595055103302,0.02967235346550358
877,C12orf10,0.2951209247112274,0.03456662568028595
878,PPP1CC,0.2947528660297394,0.04082048733315619
879,CYB5R3,0.29462024569511414,0.03926381846339586
880,CLTA,0.2939302921295166,0.004841292808646534
881,ACP1,0.29362648725509644,0.031537391935994016
882,BANF1,0.29332292079925537,0.0005787568304012022
883,VPS4B,0.29181212186813354,0.04654439036928633
884,SERINC2,0.29169490933418274,0.04956442287827014
885,MRPS22,0.291360080242157,0.047945978845332374
886,REEP5,0.2907939553260803,0.012022753759641736
887,PRRC2C,0.29073566198349,0.0335216674337403
888,ATP5J2,0.29063349962234497,0.0006342210560675389
889,ANXA1,0.29002097249031067,0.0010575186857083004
890,DENR,0.28984326124191284,0.03282304252605139
891,CHCHD7,0.2895713150501251,0.03540267209544536
892,LMNA,0.2892199158668518,0.04369711392733929
893,ACTB,0.28912878036499023,8.59579869194457e-08
894,SMC3,0.28896546363830566,0.018636116113875913
895,USMG5,0.28843721747398376,3.527328194456852e-06
896,TMED3,0.28839945793151855,0.026472037500891894
897,PSENEN,0.2883225977420807,0.04037102268238079
898,GADD45GIP1,0.28717857599258423,0.01560945313471714
899,CTSB,0.2866046130657196,0.03163043132356057
900,EDF1,0.28614264726638794,7.498562431634671e-05
901,NSFL1C,0.28577977418899536,0.043975881208334615
902,SMARCE1,0.2857361435890198,0.03891782061709269
903,IQGAP1,0.28509417176246643,0.04301478663292276
904,SSSCA1,0.2847658097743988,0.039070036766346516
905,HNRNPC,0.2847425639629364,0.005062489261942671
906,NME4,0.284371554851532,0.019397393202468825
907,ERGIC2,0.2840428054332733,0.04188969963991516
908,CHCHD10,0.28367581963539124,0.04610203290904999
909,EMP1,0.2835139334201813,0.04158293860124936
910,ERCC1,0.28206783533096313,0.04669984093431267
911,CCDC124,0.2816917598247528,0.04688609038723246
912,MCFD2,0.27988189458847046,0.04913864891043638
913,ATP6V1E1,0.2797507345676422,0.04439270286498464
914,PPIA,0.27968931198120117,2.4831941103192304e-12
915,PGD,0.2796023488044739,0.047901786351573564
916,SPCS1,0.2795489430427551,0.0394021980080024
917,KRT18,0.27929219603538513,0.0005844818449753637
918,YWHAE,0.2783348262310028,0.03487941143735406
919,PSMA4,0.27794909477233887,0.004469234785776239
920,SKP1,0.27692335844039917,0.0006475824342385533
921,LAMTOR5,0.2766948938369751,0.03496390464430711
922,TRMT112,0.27607443928718567,0.0010813741670810323
923,ATP5C1,0.2754514515399933,0.00044973107684236324
924,RHOD,0.27508848905563354,0.03900686149969661
925,SH3BGRL3,0.27477914094924927,0.006388501093795039
926,SRSF4,0.2742438018321991,0.04500531790837018
927,RFC3,0.2724066376686096,0.04734351338743279
928,DTD1,0.2722773253917694,0.04891792266125773
929,ANXA2,0.27211466431617737,1.5746049245418595e-08
930,NDUFB3,0.2710653841495514,0.027295413205358665
931,PYCR1,0.27099332213401794,0.04555301127189114
932,PHB,0.2708677649497986,0.039831162443944766
933,C16orf13,0.2707264721393585,0.005644784900399993
934,KRTCAP2,0.27009493112564087,0.04772535854394596
935,TUFM,0.26997289061546326,0.04535857342277548
936,CDA,0.26843032240867615,0.04086296195354495
937,PSMC3,0.26840639114379883,0.04599946947574022
938,TXN2,0.2682128846645355,0.048225180081357
939,NTHL1,0.267554372549057,0.04775619392263463
940,CYC1,0.2669648826122284,0.006527131386420724
941,RPL27A,0.2667566239833832,9.740975158364285e-18
942,PSMD4,0.26620393991470337,0.04252095484045039
943,UBE2I,0.26612573862075806,0.03585995532282117
944,CFAP36,0.2653737962245941,0.04432645031751697
945,SSBP1,0.26398608088493347,0.04057026400816585
946,DHX29,0.26327550411224365,0.04522793416415727
947,HNRNPA1,0.2631589472293854,0.0021244869388000348
948,TIMM8B,0.26195746660232544,0.022926857309970117
949,EZR,0.2616070508956909,0.020261615304596584
950,SNRPE,0.26117193698883057,8.71900891165178e-05
951,PAIP2,0.26021063327789307,0.0455784244368524
952,BTF3,0.25707152485847473,9.835436956475446e-09
953,MORF4L1,0.2565311789512634,0.04045521560290806
954,CALM3,0.25618433952331543,0.036662634952972596
955,KDELR2,0.255820095539093,0.0011401378947085731
956,HMGN2,0.25410526990890503,0.003515160725198055
957,YWHAB,0.2540907561779022,0.022620534663271397
958,PRDX6,0.25405555963516235,0.007935898115598935
959,TBCA,0.2537349760532379,0.001414550473232438
960,TMSB10,0.2528212070465088,1.3246895369619544e-10
961,IFITM3,0.2520367205142975,0.026006742425113118
962,NDUFA2,0.2510523200035095,0.04336293972288061
963,SNRPG,0.2501838207244873,0.001456356067922944
964,MRPL13,0.24885348975658417,0.019289892572460905
965,HSPA5,0.24824149906635284,0.044934108696317046
966,CLIC1,0.2463107407093048,0.00023917498254970662
967,PFN1,0.24570754170417786,1.8242691429378464e-07
968,PPA1,0.24432946741580963,0.02706647135428786
969,FTL,0.24051101505756378,1.5654119955165112e-06
970,RAC1,0.23958462476730347,1.979649731687074e-06
971,TXNDC17,0.23874132335186005,0.026323215001205137
972,ATP5J,0.23865143954753876,0.007451987486120893
973,HN1,0.23035290837287903,0.0015059911044843107
974,NDUFS5,0.230155810713768,0.012614432650252734
975,POLR2L,0.22933323681354523,8.140727456181045e-05
976,FXYD5,0.22845003008842468,0.017975160883687342
977,PSMB5,0.2253189980983734,0.03114305664529941
978,TSPO,0.21613359451293945,0.044846275577204414
979,LDHB,0.21509940922260284,0.025649462599764916
980,COX7B,0.21192091703414917,0.029642971879506035
981,GUK1,0.20977306365966797,0.009987135309326045
982,NDUFC2,0.20849621295928955,0.006791670334593625
983,PRDX1,0.20041124522686005,0.00010820127221116068
984,NACA,0.1990632861852646,0.00010761142014959999
985,UQCRQ,0.19653350114822388,0.003209080276802844
986,RPS26,0.18032453954219818,1.922857753635785e-06
987,OAZ1,0.17341752350330353,0.002284820823630281
988,RPL35A,0.16642162203788757,2.0219010641857583e-10
989,PPIB,0.1643676906824112,0.015791884253856782
990,HINT1,0.15566258132457733,0.02207765526967752
991,TOMM7,0.15002049505710602,0.03816792078743264
992,NDUFA4,0.14917659759521484,0.0018053191144808047
993,RPL37,0.14444097876548767,3.070744154320706e-07
994,RPL27,0.13644413650035858,2.118803676388573e-05
995,RPL7A,0.12965567409992218,0.0001713793012466667
996,RPL23,0.12675991654396057,0.0068868354501585675
997,RPL35,0.12217673659324646,7.658846897176079e-05
998,RPL5,0.11591792851686478,0.002135667880412808
999,RPS10,0.09725912660360336,0.00104933590876032
1000,RPS27A,0.09122458845376968,0.0005806873632360284
1001,RPS7,0.08094657957553864,0.043914259695861727
1002,RPS17,0.06582999229431152,0.044380274151226404
1003,RPS9,-0.04865390062332153,0.022474490099054455
1004,RPL36A,-0.049959078431129456,0.028191382595136875
1005,RPLP2,-0.056178633123636246,0.0035864878547357698
1006,MT-ND4,-0.07387948036193848,0.007595191078695996
1007,RPL3,-0.07469023019075394,0.010186936759228833
1008,ETFB,-0.07489658147096634,0.042337505776816005
1009,RPL15,-0.08086728304624557,0.014102963793233267
1010,MRPS21,-0.10347273200750351,0.029260377880260143
1011,DDT,-0.1121874526143074,0.04331827615318105
1012,ANAPC11,-0.11400111764669418,0.010288746741608455
1013,PRDX2,-0.11470931023359299,0.007326638065162302
1014,VPS29,-0.12566523253917694,0.04242117103945545
1015,CUTA,-0.1320517212152481,0.017906795756218986
1016,NENF,-0.14258666336536407,0.029368005813806598
1017,C19orf33,-0.15830883383750916,0.013492555863270576
1018,MLEC,-0.16684111952781677,0.02926618691749826
1019,SPINT2,-0.18008975684642792,0.01810874782456007
1020,CARHSP1,-0.18380270898342133,0.045722658138252346
1021,LINC00493,-0.19308669865131378,0.0440622739568674
1022,PDLIM1,-0.1961391568183899,0.011379325389648724
1023,CTAG2,-0.24862565100193024,0.006474735086702841
1024,CETN2,-0.2585466802120209,0.025486596246917882
1025,ALKBH7,-0.2619779109954834,0.04055874670003167
1026,SVIP,-0.261981338262558,0.008352731964976497
1027,HES1,-0.26407402753829956,0.013390920909489937
1028,NUSAP1,-0.28455686569213867,0.03840917949737747
1029,C9orf16,-0.29576608538627625,0.04257692042508824
1030,UBC,-0.3277660012245178,0.006639349089248186
1031,NEAT1,-0.388094425201416,0.009237159082301579
1032,SNCG,-0.43875810503959656,0.025365676248593347
1033,AURKB,-0.4656684994697571,0.005539830043636448
1034,MGMT,-0.468808650970459,0.02721072895251494
1035,HIST1H1C,-0.47016265988349915,0.0379388315944106
1036,SAT1,-0.5260345339775085,0.0238310336517936
1037,RNASEH2A,-0.5544527769088745,0.01083459911204253
1038,DHFR,-0.6044443845748901,0.023396686629559987
1039,RRM2,-0.669017493724823,0.03820439210303754
1040,TCEAL3,-0.7560023665428162,0.025938608580921552
1041,RP11-108M9.4,-0.8172809481620789,0.012427681002676355
1042,ADGRF1,-0.8477200865745544,0.042301691988826065
1043,STARD10,-0.8707744479179382,0.047580217085431274
1044,HIST1H1D,-0.8769041895866394,0.010059797062016543
1045,HIST1H1E,-0.8859360814094543,0.026549391583612896
1046,FOS,-1.0957603454589844,0.011827998204218057
1047,CTSH,-1.1109503507614136,0.0034140276747141474
1048,LIMCH1,-1.139818787574768,0.04102935864741309
1049,VGLL1,-1.1913312673568726,0.014087603337204517
1050,CITED2,-1.3447037935256958,0.023348852665308402
1051,CCDC80,-1.3686883449554443,0.005602185239167727
1052,ALDH3A1,-1.3738104104995728,0.019924044345411517
1053,KRT13,-1.6474884748458862,0.015680177059920808
1054,HIST1H2AM,-1.8130372762680054,0.04842990294760437
1055,HIST1H1B,-1.9446817636489868,0.03893635654909207
